,entity_name,filename,entity_type,snippet
0,Nicohaus,NL-HaNA_1.04.02_6847_0018.txt,PERSON,"Nicohaus
„

hun zo"
1,Codicil off,NL-HaNA_1.04.02_6847_0018.txt,PERSON,testament Codicil off zodanig a
2,t besl,NL-HaNA_1.04.02_6847_0018.txt,PERSON,"danig als t besl naregten
"
4,Abraham Alomons,NL-HaNA_1.04.02_6847_0018.txt,PERSON,"eesen van Abraham Alomons
en Arnold"
5,Arnoldus Iacobsz,NL-HaNA_1.04.02_6847_0018.txt,PERSON,"lomons
en Arnoldus Iacobsz: klerken "
9,Tjank,NL-HaNA_1.04.02_6847_0018.txt,PERSON,"ecretaris
Tjank Cramer
N„"
10,Jan Zalle,NL-HaNA_1.04.02_6847_0018.txt,PERSON,ij andres Jan Zalle nots pnst
11,hove van Holland,NL-HaNA_1.04.02_6847_0018.txt,PERSON,"en
Edelen hove van Holland ende Edel"
13,"mons
",NL-HaNA_1.04.02_6847_0018.txt,PERSON,"getuijgen mons
wonende
Ia"
17,uyts prake,NL-HaNA_1.04.02_6847_0018.txt,PERSON,verwaarde uyts prake te kennen
27,Efgename,NL-HaNA_1.04.02_6847_0018.txt,PERSON,mivereele Efgename ze nomine
31,ugtgesondert,NL-HaNA_1.04.02_6847_0031.txt,PERSON,"ten niets ugtgesondert,
Tot Exec"
32,testamente besorgers,NL-HaNA_1.04.02_6847_0031.txt,PERSON,urs deser testamente besorgers van zijne
33,zijne begra,NL-HaNA_1.04.02_6847_0031.txt,PERSON,"rgers van zijne begra„
venisse "
34,Lambertus Daniel Kreps,NL-HaNA_1.04.02_6847_0031.txt,PERSON,"n
Zoon dE Lambertus Daniel Kreps meerm: dE"
35,Jan coenraad,NL-HaNA_1.04.02_6847_0031.txt,PERSON,"meerm: dE Jan coenraad
Peijlner "
37,r koopm,NL-HaNA_1.04.02_6847_0031.txt,PERSON,jlner ond:r koopm: tendeemt
38,Andries Matthijs,NL-HaNA_1.04.02_6847_0031.txt,PERSON,"en mons:r Andries Matthijs
Freschel "
39,bespreekende,NL-HaNA_1.04.02_6847_0031.txt,PERSON,erende en bespreekende een somma
43,ample,NL-HaNA_1.04.02_6847_0031.txt,PERSON," zodanige ample magt
en g"
49,"hi
",NL-HaNA_1.04.02_6847_0031.txt,PERSON,"stitueerd hi
met alle E"
51,afpiermeerde uytge,NL-HaNA_1.04.02_6847_0031.txt,PERSON,"testateur afpiermeerde uytge„
vaeren t"
55,"Geregtigde
",NL-HaNA_1.04.02_6847_0031.txt,PERSON," daar toe Geregtigde
verklaarde"
56,Zule Reverratoir,NL-HaNA_1.04.02_6847_0031.txt,PERSON," de clan„
Zule Reverratoir, en uijt "
57,kragh,NL-HaNA_1.04.02_6847_0031.txt,PERSON,", en uijt kragh van dien "
58,liffengenen,NL-HaNA_1.04.02_6847_0031.txt,PERSON,f te doen liffengenen te Emanci
59,Emancipeeren,NL-HaNA_1.04.02_6847_0031.txt,PERSON,ngenen te Emancipeeren veranderi
61,margine oft,NL-HaNA_1.04.02_6847_0031.txt,PERSON,"’t zij in margine oft op de
rug"
62,memorien,NL-HaNA_1.04.02_6847_0031.txt,PERSON,"ij aparte memorien zal
"
63,Heeden,NL-HaNA_1.04.02_6847_0033.txt,PERSON,"„
„
„

op Heeden den 27: I"
64,Pieter Willem lam,NL-HaNA_1.04.02_6847_0033.txt,PERSON,"r mij M:r Pieter Willem lam,
wen nots"
67,heeren welsmeesteren,NL-HaNA_1.04.02_6847_0033.txt,PERSON,ident van heeren welsmeesteren deser ste
69,Egtelieden,NL-HaNA_1.04.02_6847_0033.txt,PERSON,e Lahaije Egtelieden woonende 
72,"Eehoggde
voor Eanderde",NL-HaNA_1.04.02_6847_0033.txt,PERSON,"zijn Ed:s Eehoggde
voor Eanderde hand gesz"
74,Eijgenhandig,NL-HaNA_1.04.02_6847_0033.txt,PERSON,"w wel Ed: Eijgenhandig on
derbek"
75,Testament,NL-HaNA_1.04.02_6847_0033.txt,PERSON,n wel Ed: Testament laastenng
76,Codicil zoo als 't,NL-HaNA_1.04.02_6847_0033.txt,PERSON,n wel als Codicil zoo als 't best zal 
78,gestr,NL-HaNA_1.04.02_6847_0033.txt,PERSON,"
wel Ed:e gestr heer en v"
79,Jacob Pieterszen,NL-HaNA_1.04.02_6847_0033.txt,PERSON,"nwoordig„
Jacob Pieterszen Fredricus"
80,Schrender,NL-HaNA_1.04.02_6847_0033.txt,PERSON,extroijda Schrender gebooren 
82,/getekend/ I,NL-HaNA_1.04.02_6847_0033.txt,PERSON,"Clam
tond /getekend/ I:b Pieters"
83,"gerritsz
",NL-HaNA_1.04.02_6847_0033.txt,PERSON,"zen Fr: C:gerritsz
ferzyde
la"
85,lammens nots,NL-HaNA_1.04.02_6847_0033.txt,PERSON,er/ P: W: lammens nots en heb ik
87,eele Testament,NL-HaNA_1.04.02_6847_0033.txt,PERSON,"les mate„
eele Testament die het s"
88,Jan Schrender,NL-HaNA_1.04.02_6847_0033.txt,PERSON,gebekende Jan Schrender raad ord 
89,Clara geertruyda,NL-HaNA_1.04.02_6847_0033.txt,PERSON," india
en Clara geertruyda De lahaij"
90,Egtelieden,NL-HaNA_1.04.02_6847_0033.txt,PERSON,"e lahaije Egtelieden, uyt over"
91,Eijndigen,NL-HaNA_1.04.02_6847_0033.txt,PERSON, staat te Eijndigen te raade 
93,Erfgenaam,NL-HaNA_1.04.02_6847_0029.txt,PERSON,tot hunne Erfgenaam of Erfgen
96,sestateur dit sterffelyke,NL-HaNA_1.04.02_6847_0029.txt,PERSON, den peer sestateur dit sterffelyke mogte ver
97,natelaten,NL-HaNA_1.04.02_6847_0029.txt,PERSON, kinderen natelaten zo verkla
98,tihe,NL-HaNA_1.04.02_6847_0029.txt,PERSON,"t
regt en tihe als voore"
103,testatent,NL-HaNA_1.04.02_6847_0029.txt,PERSON, den heer testatent geen onde
106,fvoog,NL-HaNA_1.04.02_6847_0029.txt,PERSON,"tem voogd fvoog„
derse ov"
107,natelatene,NL-HaNA_1.04.02_6847_0029.txt,PERSON,ver hunne natelatene onmondige
108,anmhoriseijt,NL-HaNA_1.04.02_6847_0029.txt,PERSON,t magt en anmhoriseijt als daar 
109,vergunts,NL-HaNA_1.04.02_6847_0029.txt,PERSON,"an
werden vergunts speciaal "
110,Subssihihe,NL-HaNA_1.04.02_6847_0029.txt,PERSON,aisnintie Subssihihe en surrog
112,snoatsr aalites,NL-HaNA_1.04.02_6847_0029.txt,PERSON,e den b„e snoatsr aalites en alle a
113,zoo heep,NL-HaNA_1.04.02_6847_0029.txt,PERSON," benoonen
zoo heep als baers"
114,prea,NL-HaNA_1.04.02_6847_0029.txt,PERSON,taande de prea arrntenli
117,Eligeerden,NL-HaNA_1.04.02_6847_0029.txt,PERSON,"er„
zoekt Eligeerden Constitre"
122,wesen,NL-HaNA_1.04.02_6847_0029.txt,PERSON,angst zal wesen gequalifi
124,Clausile Reservatoir,NL-HaNA_1.04.02_6847_0029.txt,PERSON,"eren
6
de Clausile Reservatoir en uijt k"
125,Facultijt omme dese,NL-HaNA_1.04.02_6847_0029.txt,PERSON,e mogt en Facultijt omme dese hare Test
128,krogt,NL-HaNA_1.04.02_6847_0029.txt,PERSON, zodanige krogt en waarde
129,inne,NL-HaNA_1.04.02_6847_0029.txt,PERSON, het hier inne woordelij
132,Joseph Plache mijne cbercq,NL-HaNA_1.04.02_6847_0029.txt,PERSON,"lsoork en Joseph Plache mijne cbercq:
als getu"
136,"catarina
on d oontren=k vier Jaaren",NL-HaNA_1.04.02_6847_0017.txt,PERSON,"harmelina catarina
on d oontren=k vier Jaaren en dat ma"
137,crediten,NL-HaNA_1.04.02_6847_0017.txt,PERSON,ackien en crediten die hij t
138,uijtgezondert,NL-HaNA_1.04.02_6847_0017.txt,PERSON,ten niets uijtgezondert met deese
139,nogthans,NL-HaNA_1.04.02_6847_0017.txt,PERSON,"eese last nogthans dat al t
"
140,my vhoogte,NL-HaNA_1.04.02_6847_0017.txt,PERSON,n Erfgen: my vhoogte deses zal
143,Anna magdalena,NL-HaNA_1.04.02_6847_0017.txt,PERSON,"op Jnsf=m Anna magdalena dors
Laos"
145,Jonas ofte derselver kinderen,NL-HaNA_1.04.02_6847_0017.txt,PERSON,: van Pan Jonas ofte derselver kinderen bij rappr
146,"rappresentihe
",NL-HaNA_1.04.02_6847_0017.txt,PERSON,"deren bij rappresentihe
die de Tes"
147,Testavenr,NL-HaNA_1.04.02_6847_0017.txt,PERSON,"he
die de Testavenr verklaard"
150,Catharina tot mondege,NL-HaNA_1.04.02_6847_0017.txt,PERSON,Harmelina Catharina tot mondege Jaaren of
151,eene der voorsz,NL-HaNA_1.04.02_6847_0017.txt,PERSON,n dus aan eene der voorsz: twee Con
152,Eeclusie,NL-HaNA_1.04.02_6847_0017.txt,PERSON,"rbie
dige Eeclusie van het b"
157,Cornelis de keijder,NL-HaNA_1.04.02_6847_0017.txt,PERSON," de mons: Cornelis de keijder op„
perma"
158,peeter Eelders,NL-HaNA_1.04.02_6847_0017.txt,PERSON,dadoor en peeter Eelders boekh: be
159,boekh,NL-HaNA_1.04.02_6847_0017.txt,PERSON,r Eelders boekh: beijde i
160,bagts Quartier alhier,NL-HaNA_1.04.02_6847_0017.txt,PERSON,"omp:s am„
bagts Quartier alhier, gevende "
161,anprriteijt,NL-HaNA_1.04.02_6847_0017.txt,PERSON,"t magt en anprriteijt, als na r"
162,seer ootmoedig,NL-HaNA_1.04.02_6847_0017.txt,PERSON,testateur seer ootmoedig te Eligee
164,de Ed,NL-HaNA_1.04.02_6847_0017.txt,PERSON,andgelaen de Ed:e groot a
165,heeren bewindhebberen der g'ochog,NL-HaNA_1.04.02_6847_0017.txt,PERSON,"oot agtb: heeren bewindhebberen der g'ochog„
eerde do"
166,dost,NL-HaNA_1.04.02_6847_0017.txt,PERSON,"og„
eerde dost indische "
171,mons,NL-HaNA_1.04.02_6847_0040.txt,PERSON,steels en mons: Johan Ma
172,Johan Matthens,NL-HaNA_1.04.02_6847_0040.txt,PERSON, en mons: Johan Matthens Fihner ad
173,anthoriteijt,NL-HaNA_1.04.02_6847_0040.txt,PERSON,e magt en anthoriteijt als na Re
174,heeren Bewind,NL-HaNA_1.04.02_6847_0040.txt,PERSON,"root agtb heeren Bewind hebbe„
re"
181,voeginge van dog,NL-HaNA_1.04.02_6847_0040.txt,PERSON,"g met bij voeginge van dog maand en
"
182,margine off,NL-HaNA_1.04.02_6847_0040.txt,PERSON, t zij in margine off op de rug
183,memorien sal,NL-HaNA_1.04.02_6847_0040.txt,PERSON,"i
apparte memorien sal komen goe"
184,soodanige kragt,NL-HaNA_1.04.02_6847_0040.txt,PERSON,zelve van soodanige kragt en waarde
186,duidelik,NL-HaNA_1.04.02_6847_0040.txt,PERSON,"testateur duidelik voorge„
h"
188,huyse van den,NL-HaNA_1.04.02_6847_0040.txt,PERSON,teerd ten huyse van den testateur
189,voormeldin Tegenwoordigheijdd,NL-HaNA_1.04.02_6847_0040.txt,PERSON,"ot reezer voormeldin Tegenwoordigheijdd van
Pirar"
190,"Hendrik Abrahamszalengeen


",NL-HaNA_1.04.02_6847_0040.txt,PERSON,"e Melt en Hendrik Abrahamszalengeen


N
"
193,drijdelijk,NL-HaNA_1.04.02_6847_0027.txt,PERSON,"en wel en drijdelijk voor„
geh"
194,Codiciel zoo,NL-HaNA_1.04.02_6847_0027.txt,PERSON,"tament of Codiciel zoo en
indier"
196,"Abraham
Salomons",NL-HaNA_1.04.02_6847_0027.txt,PERSON,"wesen van Abraham
Salomons en Bernar"
197,Bernardus Aronsz,NL-HaNA_1.04.02_6847_0027.txt,PERSON,lomons en Bernardus Aronsz myne kler
198,myne klerken,NL-HaNA_1.04.02_6847_0027.txt,PERSON,us Aronsz myne klerken als getuy
199,guod attestor,NL-HaNA_1.04.02_6847_0027.txt,PERSON,derstond/ guod attestor /was gete
200,Testament,NL-HaNA_1.04.02_6847_0027.txt,PERSON,stond dit Testament ialhier t
201,heeren weesm,NL-HaNA_1.04.02_6847_0027.txt,PERSON,"ingevolge heeren weesm: resol:
v"
203,"Jann
",NL-HaNA_1.04.02_6847_0027.txt,PERSON,": den 25: Jann
1769
/was "
206,Gerhard Henderk,NL-HaNA_1.04.02_6847_0027.txt,PERSON,"er
Gerind Gerhard Henderk
N:o 8 op
"
208,Pieter Iacob,NL-HaNA_1.04.02_6847_0027.txt,PERSON,r mij M:r Pieter Iacob Bert not=
209,Bert not,NL-HaNA_1.04.02_6847_0027.txt,PERSON,ter Iacob Bert not=s publ: b
212,Heer geerhardt,NL-HaNA_1.04.02_6847_0027.txt,PERSON,tuigen De Heer geerhardt Hendrik P
213,Hendrik Prui,NL-HaNA_1.04.02_6847_0027.txt,PERSON,"geerhardt Hendrik Prui„
mers Fab"
215,Susanna Maria Grebel,NL-HaNA_1.04.02_6847_0027.txt,PERSON,en Iuff=m Susanna Maria Grebel Egteliede
216,Egtelieden,NL-HaNA_1.04.02_6847_0027.txt,PERSON,ia Grebel Egtelieden mij beken
217,den Eersten,NL-HaNA_1.04.02_6847_0027.txt,PERSON,"ende
zijn den Eersten ziekelijk"
219,onverwaarde uijtspraak,NL-HaNA_1.04.02_6847_0027.txt,PERSON,"rstand en onverwaarde uijtspraak,
Te kenne"
221,hunne natelatene,NL-HaNA_1.04.02_6847_0027.txt,PERSON,eren over hunne natelatene goederen 
222,hondende de zelve,NL-HaNA_1.04.02_6847_0027.txt,PERSON,eren maar hondende de zelve voor mil 
223,mil korgteloos,NL-HaNA_1.04.02_6847_0027.txt,PERSON,elve voor mil korgteloos en van on
224,Anna Lamentia,NL-HaNA_1.04.02_6847_0027.txt,PERSON,"ke dogter Anna Lamentia pruij„
me"
225,Fortuijn,NL-HaNA_1.04.02_6847_0027.txt,PERSON,"aven
gen: Fortuijn van boegi"
228,mitsg,NL-HaNA_1.04.02_6847_0027.txt,PERSON,n batavia mitsg:s alle kl
229,successivelijk van den,NL-HaNA_1.04.02_6847_0027.txt,PERSON,"
die paar successivelijk van den heer test"
230,desen verstaande nogthans,NL-HaNA_1.04.02_6847_0027.txt,PERSON,"zijn,
met desen verstaande nogthans dat ingev"
233,nieune van woorde,NL-HaNA_1.04.02_6847_0023.txt,PERSON, als ofte nieune van woorde not woord
234,agtervolgt,NL-HaNA_1.04.02_6847_0023.txt,PERSON,ag werden agtervolgt en naarge
235,naargekomen amp,NL-HaNA_1.04.02_6847_0023.txt,PERSON,"rvolgt en naargekomen amp; zy
als T"
236,Testament Coditell,NL-HaNA_1.04.02_6847_0023.txt,PERSON,"p; zy
als Testament Coditell gifte ond"
239,huijse van den,NL-HaNA_1.04.02_6847_0023.txt,PERSON,seerd ten huijse van den heer tes„
241,Pieter Arons,NL-HaNA_1.04.02_6847_0023.txt,PERSON,"„
tie van Pieter Arons De moor d"
242,Sijmon Tho,NL-HaNA_1.04.02_6847_0023.txt,PERSON," Jonge en Sijmon Tho„
mas Crre"
244,Clercquen,NL-HaNA_1.04.02_6847_0023.txt,PERSON,s Crrelsz Clercquen als getui
246,Johan van Visvliet,NL-HaNA_1.04.02_6847_0023.txt,PERSON,getekend/ Johan van Visvliet nots:/ te
247,feses babnara,NL-HaNA_1.04.02_6847_0023.txt,PERSON,"ie vandin feses babnara
in d’ wee"
248,getekend Meyer,NL-HaNA_1.04.02_6847_0023.txt,PERSON,"1769 /was getekend Meyer secret:s
"
249,Reynier,NL-HaNA_1.04.02_6847_0023.txt,PERSON," secret:s
Reynier Stapel
He"
250,r Reijmer,NL-HaNA_1.04.02_6847_0023.txt,PERSON,"d: heer m:r Reijmer Capel
ond"
251,den E,NL-HaNA_1.04.02_6847_0023.txt,PERSON,sident in den E: agtb: Ra
252,agtb,NL-HaNA_1.04.02_6847_0023.txt,PERSON,in den E: agtb: Raod van
253,Hebbende den wel,NL-HaNA_1.04.02_6847_0023.txt,PERSON,"j bekend,
Hebbende den wel Ed:e heer"
254,heer Comp,NL-HaNA_1.04.02_6847_0023.txt,PERSON, wel Ed:e heer Comp:s zijn we
255,volko,NL-HaNA_1.04.02_6847_0023.txt,PERSON,"n wel Ed: volko„
men vers"
256,Codicillaire,NL-HaNA_1.04.02_6847_0023.txt,PERSON," wesen om Codicillaire te
dispon"
258,Casar van boegees,NL-HaNA_1.04.02_6847_0023.txt,PERSON, boezonen Casar van boegees iedermet 
261,nogo patnam,NL-HaNA_1.04.02_6847_0039.txt,PERSON,conie tot nogo patnam eengelijk
262,Petrus Hollebeek,NL-HaNA_1.04.02_6847_0039.txt,PERSON,oeder dE: Petrus Hollebeek boekh en 
264,mitsg,NL-HaNA_1.04.02_6847_0039.txt,PERSON,agapatnam mitsg:s nat Ins
265,Anna Cornilia,NL-HaNA_1.04.02_6847_0039.txt,PERSON,"nat Ins=m Anna Cornilia„
Bonk
en "
266,Jan du Mow Secunde,NL-HaNA_1.04.02_6847_0039.txt,PERSON,r man dE: Jan du Mow Secunde en Kassie
267,Kassier,NL-HaNA_1.04.02_6847_0039.txt,PERSON,ecunde en Kassier te Jagger
268,Jagger,NL-HaNA_1.04.02_6847_0039.txt,PERSON,"assier te Jagger„
pack poe"
270,Jan du Mon versonden,NL-HaNA_1.04.02_6847_0039.txt,PERSON, haar man Jan du Mon versonden zal worde
271,Thien ofte,NL-HaNA_1.04.02_6847_0039.txt,PERSON,"somma van Thien ofte met
huw b"
272,munte voorshheeven,NL-HaNA_1.04.02_6847_0039.txt,PERSON,"jndaalder munte voorshheeven.—
Aan S=t"
275,anthonius gragt,NL-HaNA_1.04.02_6847_0039.txt,PERSON,"
off Pite anthonius gragt buyten de"
276,Crietene persoone,NL-HaNA_1.04.02_6847_0039.txt,PERSON,nlandsche Crietene persoone Anvora Fr
280,generaale Eysshelling,NL-HaNA_1.04.02_6847_0039.txt,PERSON,lgens ter generaale Eysshelling overgaand
281,Testateur,NL-HaNA_1.04.02_6847_0039.txt,PERSON,"aarde den
Testateur als geene"
284,Anna Cornelia Bonk,NL-HaNA_1.04.02_6847_0039.txt,PERSON,k en nigt Anna Cornelia Bonk item haar
285,Ian du,NL-HaNA_1.04.02_6847_0039.txt,PERSON,"haare man Ian du
mon alle "
286,nate,NL-HaNA_1.04.02_6847_0039.txt,PERSON,"e verdere nate„
latene g"
287,Egaale portien,NL-HaNA_1.04.02_6847_0039.txt,PERSON," drien in Egaale portien
verdeelt "
289,Constitueerende den,NL-HaNA_1.04.02_6847_0039.txt,PERSON,erende en Constitueerende den testateur
291,zijnes,NL-HaNA_1.04.02_6847_0039.txt,PERSON,edderaars zijnes boedels e
293,sijne begraffeniise,NL-HaNA_1.04.02_6847_0039.txt,PERSON,rgers van sijne begraffeniise VE: georg
294,george wilhelen,NL-HaNA_1.04.02_6847_0039.txt,PERSON,"niise VE: george wilhelen Lasche
"
296,syn,NL-HaNA_1.04.02_6847_0026.txt,PERSON,eurs over syn testateur
300,nyvkrogte deses,NL-HaNA_1.04.02_6847_0026.txt,PERSON,geene die nyvkrogte deses tot den o
301,den ontfangst,NL-HaNA_1.04.02_6847_0026.txt,PERSON,deses tot den ontfangst zullen we
305,adlites soo,NL-HaNA_1.04.02_6847_0026.txt,PERSON, Cumtoren adlites soo hier als 
306,noet,NL-HaNA_1.04.02_6847_0026.txt,PERSON,"ls Elders noet Je„
genst"
311,afsonderlijk,NL-HaNA_1.04.02_6847_0026.txt,PERSON,off ieder afsonderlijk bij een a
313,alsulke Conditien,NL-HaNA_1.04.02_6847_0026.txt,PERSON,en voorts alsulke Conditien te mogen 
314,rade,NL-HaNA_1.04.02_6847_0026.txt,PERSON,r Ed:s te rade werden zu
315,inne,NL-HaNA_1.04.02_6847_0026.txt,PERSON,elve hier inne woordelij
317,lyk voorgelesen,NL-HaNA_1.04.02_6847_0026.txt,PERSON,"n duijde„
lyk voorgelesen, en door "
319,pieter mochiels,NL-HaNA_1.04.02_6847_0026.txt,PERSON,"wesen van
pieter mochiels en dirk o"
320,dirk oostwalt Clercquen,NL-HaNA_1.04.02_6847_0026.txt,PERSON,chiels en dirk oostwalt Clercquen als getui
322,Thien,NL-HaNA_1.04.02_6847_0026.txt,PERSON,"zegul
van Thien Ed:s /ond"
326,"Jan van
veeren op Heeden",NL-HaNA_1.04.02_6847_0026.txt,PERSON,"ns, nots:
Jan van
veeren op Heeden den 17:' "
327,Egbert Blomhert,NL-HaNA_1.04.02_6847_0026.txt,PERSON,r mij m:r Egbert Blomhert nots pusl
330,Chrrstana Hendriks,NL-HaNA_1.04.02_6847_0019.txt,PERSON,er Jn p=m Chrrstana Hendriks Eerder we
331,wed,NL-HaNA_1.04.02_6847_0019.txt,PERSON,ks Eerder wed:e van Jaa
332,"Jaak
Martens Cramer",NL-HaNA_1.04.02_6847_0019.txt,PERSON,"wed:e van Jaak
Martens Cramer en thans "
334,Hendrik Brinkman,NL-HaNA_1.04.02_6847_0019.txt,PERSON,"an Cobald Hendrik Brinkman
en bij ha"
335,Cobald,NL-HaNA_1.04.02_6847_0019.txt,PERSON,"en suster Cobald Eijko
Bri"
336,Sabina,NL-HaNA_1.04.02_6847_0019.txt,PERSON,rnoemd en Sabina Elisabeth
337,Elisabeth Brinkman,NL-HaNA_1.04.02_6847_0019.txt,PERSON,"en Sabina Elisabeth Brinkman
alle woon"
339,Testateur,NL-HaNA_1.04.02_6847_0019.txt,PERSON, geen nij Testateur met er do
341,actien,NL-HaNA_1.04.02_6847_0019.txt,PERSON,"
goederen actien en credit"
342,crediten,NL-HaNA_1.04.02_6847_0019.txt,PERSON,actien en crediten nets uijt
343,nets,NL-HaNA_1.04.02_6847_0019.txt,PERSON, crediten nets uijtgeson
344,Consktueerende,NL-HaNA_1.04.02_6847_0019.txt,PERSON,erende en Consktueerende hij testa
346,"redderaan
",NL-HaNA_1.04.02_6847_0019.txt,PERSON,"gers item redderaan
Zijns foed"
347,Pieter Iacob,NL-HaNA_1.04.02_6847_0019.txt,PERSON,s iE: m:r Pieter Iacob Bert mede
348,Bert,NL-HaNA_1.04.02_6847_0019.txt,PERSON,ter Iacob Bert mede notz
349,willem verrusie,NL-HaNA_1.04.02_6847_0019.txt,PERSON,"
Plede en willem verrusie apothecar"
351,meerm,NL-HaNA_1.04.02_6847_0019.txt,PERSON,"n dienste meerm de
manvae"
352,ample last,NL-HaNA_1.04.02_6847_0019.txt,PERSON,Zodanigen ample last magt en a
353,zulx d’,NL-HaNA_1.04.02_6847_0019.txt,PERSON,ende over zulx d’ Eerw: hee
360,wesen gequalificeerd,NL-HaNA_1.04.02_6847_0019.txt,PERSON,"angst zal wesen gequalificeerd,
Laasteli"
361,"beswagd
",NL-HaNA_1.04.02_6847_0019.txt,PERSON,"jdend 20: beswagd
alle gunt "
362,duijdelyk,NL-HaNA_1.04.02_6847_0019.txt,PERSON,"testateur duijdelyk voor„
gel"
365,Gerardus Elias Rwalette,NL-HaNA_1.04.02_6847_0019.txt,PERSON,"n
tie van Gerardus Elias Rwalette ende Iona"
367,"pieter
Jacob Bert nots",NL-HaNA_1.04.02_6847_0030.txt,PERSON,"kend/ m:r pieter
Jacob Bert nots: / ter si"
368,dato deses Batavia,NL-HaNA_1.04.02_6847_0030.txt,PERSON,lutie van dato deses Batavia in de wei
370,Henderik Hiller,NL-HaNA_1.04.02_6847_0030.txt,PERSON,"cretaris;
Henderik Hiller
N:o 9 op "
372,Egbert Blomhert,NL-HaNA_1.04.02_6847_0030.txt,PERSON,r mij M:r Egbert Blomhert nots zubl
373,zubl,NL-HaNA_1.04.02_6847_0030.txt,PERSON,"hert nots zubl bij
de Ed"
376,"hendrik
Hiller",NL-HaNA_1.04.02_6847_0030.txt,PERSON,"tuigen dE hendrik
Hiller voorleese"
377,kapelle alhier,NL-HaNA_1.04.02_6847_0030.txt,PERSON, kasteels kapelle alhier woonende 
379,swak van lichaam,NL-HaNA_1.04.02_6847_0030.txt,PERSON,n ziek en swak van lichaam mij nits 
381,Sara Dorothea,NL-HaNA_1.04.02_6847_0030.txt,PERSON," als,
Aan Sara Dorothea en Pacomi"
384,Regent van het E,NL-HaNA_1.04.02_6847_0030.txt,PERSON,ps binnen Regent van het E: Comp.s b
387,Johanna,NL-HaNA_1.04.02_6847_0030.txt,PERSON, de Jep=m Johanna en Christ
388,Christina Willer,NL-HaNA_1.04.02_6847_0030.txt,PERSON,ohanna en Christina Willer zijnde br
392,Sargeies de Laen,NL-HaNA_1.04.02_6847_0030.txt,PERSON,n de heer Sargeies de Laen tot amnit
394,zijne henpomr,NL-HaNA_1.04.02_6847_0030.txt,PERSON," amnit en zijne henpomr
Pijs=m An"
395,Anna vernoij,NL-HaNA_1.04.02_6847_0030.txt,PERSON,"mr
Pijs=m Anna vernoij te zamen "
400,generaale,NL-HaNA_1.04.02_6847_0030.txt,PERSON,ls nu ter generaale dispositi
403,Lambertus daniel kreps,NL-HaNA_1.04.02_6847_0030.txt,PERSON,uw van dE Lambertus daniel kreps hier voor
404,batavia resiacerinse,NL-HaNA_1.04.02_6847_0030.txt,PERSON,"r
de stat batavia resiacerinse ende voor"
405,g'insereerd,NL-HaNA_1.04.02_6847_0032.txt,PERSON,"ijk stond g'insereerd, dan wel
"
406,Codicie voor nots,NL-HaNA_1.04.02_6847_0032.txt,PERSON,"n wel
bij Codicie voor nots: en getui"
410,Sirardus,NL-HaNA_1.04.02_6847_0032.txt,PERSON,gheid van Sirardus de Welo e
411,Bernardus,NL-HaNA_1.04.02_6847_0032.txt,PERSON,"e Welo en Bernardus Vrons
Cle"
412,Bien Rd,NL-HaNA_1.04.02_6847_0032.txt,PERSON,segue van Bien Rd:s /onders
413,Blomhert,NL-HaNA_1.04.02_6847_0032.txt,PERSON,"ekend/ P: Blomhert notaris,
"
414,Jan Schreuder,NL-HaNA_1.04.02_6847_0032.txt,PERSON," notaris,
Jan Schreuder
10 op Hee"
417,Pieter willem Lammens,NL-HaNA_1.04.02_6847_0032.txt,PERSON,eb ik m:r Pieter willem Lammens nots publ
422,"Jac
",NL-HaNA_1.04.02_6847_0032.txt,PERSON," weg naar Jac
Catra brri"
426,gestrengen Heer,NL-HaNA_1.04.02_6847_0032.txt,PERSON,wel Edele gestrengen Heer Jan Schrr
427,Jan Schrrender,NL-HaNA_1.04.02_6847_0032.txt,PERSON,"ngen Heer Jan Schrrender
raad opd:"
430,t Eerw,NL-HaNA_1.04.02_6847_0032.txt,PERSON,"ident van t Eerw.
Cillegie"
431,Weesm,NL-HaNA_1.04.02_6847_0032.txt,PERSON,an heeren Weesm: deser st
433,mevrouwe Clara geertruij,NL-HaNA_1.04.02_6847_0032.txt,PERSON,"elhouster mevrouwe Clara geertruij„

da de L"
434,da de Lahaye,NL-HaNA_1.04.02_6847_0032.txt,PERSON,"ertruij„

da de Lahaye wij ter h"
435,t beslooten,NL-HaNA_1.04.02_6847_0032.txt,PERSON,tie weg„s t beslooten testament
436,Heer,NL-HaNA_1.04.02_6847_0032.txt,PERSON,estringen Heer en Mevrou
437,sestig gespperschribeerd,NL-HaNA_1.04.02_6847_0032.txt,PERSON,"leeven en sestig gespperschribeerd, enidende"
439,quod AHestor,NL-HaNA_1.04.02_6847_0020.txt,PERSON,derstond/ quod AHestor (=was get
440,Jan Zalle,NL-HaNA_1.04.02_6847_0020.txt,PERSON,")
Andries Jan Zalle nots: ter"
442,dastad Batavia,NL-HaNA_1.04.02_6847_0020.txt,PERSON,"rd binnen dastad Batavia, resideer"
443,resideerende,NL-HaNA_1.04.02_6847_0020.txt,PERSON," Batavia, resideerende ende rio
"
444,Willem verruci,NL-HaNA_1.04.02_6847_0020.txt,PERSON,uigen dE: Willem verruci apothecar
445,"apothecar
",NL-HaNA_1.04.02_6847_0020.txt,PERSON,"m verruci apothecar
ten dienst"
450,Jan Zalle,NL-HaNA_1.04.02_6847_0020.txt,PERSON,"An„
dries Jan Zalle en getuig"
451,dato,NL-HaNA_1.04.02_6847_0020.txt,PERSON,gen onder dato 9 xber 17
453,Pieter Iacob Perk,NL-HaNA_1.04.02_6847_0020.txt,PERSON,: EE: m:r Pieter Iacob Perk van Compa
455,"Comparantenijt
koogte van de Clansule",NL-HaNA_1.04.02_6847_0020.txt,PERSON,"aarde hij Comparantenijt
koogte van de Clansule van Assim"
458,"Fredrik
",NL-HaNA_1.04.02_6847_0020.txt,PERSON,"Groaff en Fredrik
Jansew ond"
463,wigges wasgaren,NL-HaNA_1.04.02_6847_0020.txt,PERSON,"te„
kend/ wigges wasgaren nots ter "
465,dato deses,NL-HaNA_1.04.02_6847_0020.txt,PERSON,"esol: van dato deses Babas„
pr"
468,Twaalfze,NL-HaNA_1.04.02_6847_0020.txt,PERSON,uijdenaen Twaalfze Perlij se
469,seventhien hondert,NL-HaNA_1.04.02_6847_0020.txt,PERSON,"ze Perlij seventhien hondert,
Drie en "
471,Abraham Salomons,NL-HaNA_1.04.02_6847_0016.txt,PERSON,"e
Clercq:
Abraham Salomons en Hendri"
472,Hendrik Abrahamsz,NL-HaNA_1.04.02_6847_0016.txt,PERSON,"lomons en Hendrik Abrahamsz
als getri"
473,gnodaterston,NL-HaNA_1.04.02_6847_0016.txt,PERSON,derstond/ gnodaterston was getek
474,Blomhert,NL-HaNA_1.04.02_6847_0016.txt,PERSON,"d
Eggbert Blomhert /mots:
na"
475,/mots,NL-HaNA_1.04.02_6847_0016.txt,PERSON," Blomhert /mots:
naar ged"
477,alhier resideerende,NL-HaNA_1.04.02_6847_0016.txt,PERSON,"emde nots alhier resideerende
Natavo de"
478,8bert,NL-HaNA_1.04.02_6847_0016.txt,PERSON,"o den 13: 8bert 1768:
Mar"
479,Egbert Blomhert,NL-HaNA_1.04.02_6847_0016.txt,PERSON,r mij m:r Egbert Blomhert nots: pnb
480,pnbl,NL-HaNA_1.04.02_6847_0016.txt,PERSON,ert nots: pnbl: by de Ed
482,getuggen mont,NL-HaNA_1.04.02_6847_0016.txt,PERSON,"rgenoemde getuggen mont Martin
Al"
483,"Martin
",NL-HaNA_1.04.02_6847_0016.txt,PERSON,"ggen mont Martin
Albregt He"
484,ambagts quartier alhier,NL-HaNA_1.04.02_6847_0016.txt,PERSON,E: Comp:s ambagts quartier alhier en woonag
485,ziekelik van lichaam,NL-HaNA_1.04.02_6847_0016.txt,PERSON,":d
zijnde ziekelik van lichaam dog hebbe"
487,onverwaarde uytspraetie,NL-HaNA_1.04.02_6847_0016.txt,PERSON,rstand en onverwaarde uytspraetie te kennen
488,duicke,NL-HaNA_1.04.02_6847_0016.txt,PERSON,sonder in duicke aff Berma
489,sijne natelatene,NL-HaNA_1.04.02_6847_0016.txt,PERSON,"n om over sijne natelatene goederen
"
491,deesen,NL-HaNA_1.04.02_6847_0016.txt,PERSON, doet bij deesen na voorga
493,onderte,NL-HaNA_1.04.02_6847_0016.txt,PERSON,"n de hier onderte noemene
E"
495,noet,NL-HaNA_1.04.02_6847_0016.txt,PERSON,deren als noet getrouwt 
499,"uuren
",NL-HaNA_1.04.02_6847_0021.txt,PERSON,"lft vijff uuren
Compareerd"
500,Johan van Viseliet,NL-HaNA_1.04.02_6847_0021.txt,PERSON, voor mij Johan van Viseliet nots prbl
501,prbl,NL-HaNA_1.04.02_6847_0021.txt,PERSON,"liet nots prbl: bij
den "
502,hove van Holland,NL-HaNA_1.04.02_6847_0021.txt,PERSON,en Edelen hove van Holland ende Edel
505,den E: Eghbaa,NL-HaNA_1.04.02_6847_0021.txt,PERSON,"getuijgen den E: Eghbaa„
ren Heer"
506,Heere M,NL-HaNA_1.04.02_6847_0021.txt,PERSON,"hbaa„
ren Heere M:r Reimer "
507,Iunior,NL-HaNA_1.04.02_6847_0021.txt,PERSON,er Stapel Iunior lid in de
508,opentlijk,NL-HaNA_1.04.02_6847_0021.txt,PERSON,"e zoo
ons opentlijk bleek end"
513,sijn,NL-HaNA_1.04.02_6847_0021.txt,PERSON,eren over sijn E: tijdel
514,god almagtig,NL-HaNA_1.04.02_6847_0021.txt,PERSON,n hem van god almagtig verleend 
515,wys syn,NL-HaNA_1.04.02_6847_0021.txt,PERSON," gelijker wys syn
6: uijt e"
517,sonder indiicke,NL-HaNA_1.04.02_6847_0021.txt,PERSON,nge wille sonder indiicke of peroi„
518,peroi,NL-HaNA_1.04.02_6847_0021.txt,PERSON,"diicke of peroi„
agie van"
519,deser dog,NL-HaNA_1.04.02_6847_0021.txt,PERSON, doet bij deser dog vooraf be
520,heer Comparant,NL-HaNA_1.04.02_6847_0021.txt,PERSON,"lende den
heer Comparant sijn E: o"
522,syn dord lichaam,NL-HaNA_1.04.02_6847_0021.txt,PERSON,gmaker en syn dord lichaam den schoo
524,offe Eenige,NL-HaNA_1.04.02_6847_0021.txt,PERSON,t deselve offe Eenige van dien 
525,nooijt,NL-HaNA_1.04.02_6847_0021.txt,PERSON,als of te nooijt gemaakt o
527,imiverseele Erfgenamen,NL-HaNA_1.04.02_6847_0021.txt,PERSON,"„
eele en imiverseele Erfgenamen te nomine"
529,heer Reimer,NL-HaNA_1.04.02_6847_0021.txt,PERSON,"nders den heer Reimer
Stapel pr"
530,procireur voor den Edele agtb,NL-HaNA_1.04.02_6847_0021.txt,PERSON,"er
Stapel procireur voor den Edele agtb: geregte "
533,Anna Wietvank,NL-HaNA_1.04.02_6847_0021.txt,PERSON,"en vrouwe Anna Wietvank te zamen
"
534,dog beyde wesende voor overleeden,NL-HaNA_1.04.02_6847_0021.txt,PERSON,"de
alleen dog beyde wesende voor overleeden als dan d"
535,"sijns
",NL-HaNA_1.04.02_6847_0021.txt,PERSON,"el al met sijns
"
537,afsroge van mijn,NL-HaNA_1.04.02_6847_0025.txt,PERSON,"teuren of afsroge van mijn not
„ 8
b"
538,"Erfgenaam
",NL-HaNA_1.04.02_6847_0025.txt,PERSON,"nverseele Erfgenaam
of Erfgena"
544,uytgesondert,NL-HaNA_1.04.02_6847_0025.txt,PERSON,"en, niets uytgesondert, mits dee"
547,weeder pertoommd,NL-HaNA_1.04.02_6847_0025.txt,PERSON,", wanneer weeder pertoommd aan den
s"
548,Anna Elisabeth,NL-HaNA_1.04.02_6847_0025.txt,PERSON,lver kind Anna Elisabeth oud vijff
549,quant vanden geheele boedel,NL-HaNA_1.04.02_6847_0025.txt,PERSON,en suyver quant vanden geheele boedel en de pen
550,gelroft,NL-HaNA_1.04.02_6847_0025.txt,PERSON,"al moeten gelroft werden,
a"
551,aflijvig wierd,NL-HaNA_1.04.02_6847_0025.txt,PERSON,"estatrice aflijvig wierd, het
meer"
552,Margare,NL-HaNA_1.04.02_6847_0025.txt,PERSON,"odorns en Margare„
d
tha ge"
553,geertruida van der werth,NL-HaNA_1.04.02_6847_0025.txt,PERSON,"re„
d
tha geertruida van der werth woonende "
555,dentecom bij desselvs,NL-HaNA_1.04.02_6847_0025.txt,PERSON,Tweede te dentecom bij desselvs oom hendr
556,oom hendricus,NL-HaNA_1.04.02_6847_0025.txt,PERSON, desselvs oom hendricus vander we
557,werth,NL-HaNA_1.04.02_6847_0025.txt,PERSON,"us vander werth mede„
cin"
558,Lijve,NL-HaNA_1.04.02_6847_0025.txt,PERSON,leevenden Lijve sullen sy
559,Executrice deser testamente,NL-HaNA_1.04.02_6847_0025.txt,PERSON,cutena of Executrice deser testamente redderaar
560,Johan Manrits,NL-HaNA_1.04.02_6847_0025.txt,PERSON,erw: heer Johan Manrits Mohr bedi
567,Hendrik Frije,NL-HaNA_1.04.02_6847_0028.txt,PERSON,:d Geerdt Hendrik Frije Jan Frije
568,Jan Frije,NL-HaNA_1.04.02_6847_0028.txt,PERSON,"rik Frije Jan Frije en
Anna F"
569,Anna Frije,NL-HaNA_1.04.02_6847_0028.txt,PERSON," Frije en
Anna Frije Zijnde Ge"
570,Zijnde Getrouwd,NL-HaNA_1.04.02_6847_0028.txt,PERSON,nna Frije Zijnde Getrouwd met een S
573,desselfs gemachtigdens de Heeren,NL-HaNA_1.04.02_6847_0028.txt,PERSON,erden aan desselfs gemachtigdens de Heeren cristiaan
575,Johannes Benkelaar,NL-HaNA_1.04.02_6847_0028.txt,PERSON,nt en M:r Johannes Benkelaar beijde wo
580,gem:t,NL-HaNA_1.04.02_6847_0028.txt,PERSON,ens minte gem:t mede prij
581,wyse,NL-HaNA_1.04.02_6847_0028.txt,PERSON,ateur bij wyse van legaa
582,den nagelatenen,NL-HaNA_1.04.02_6847_0028.txt,PERSON,hun weg:s den nagelatenen boedel va
584,begee,NL-HaNA_1.04.02_6847_0028.txt,PERSON,"bben niet begee„
rende da"
586,verklaarde den,NL-HaNA_1.04.02_6847_0028.txt,PERSON,aastelijk verklaarde den heer test
589,Anthonies egte,NL-HaNA_1.04.02_6847_0028.txt,PERSON, Lanrenha Anthonies egte lieden of
590,eeninder,NL-HaNA_1.04.02_6847_0028.txt,PERSON,ijden van eeninder selver de
592,generaale,NL-HaNA_1.04.02_6847_0028.txt,PERSON,meede ter generaale dispositi
598,achen,NL-HaNA_1.04.02_6847_0028.txt,PERSON, goederen achen en mediki
599,uytgesondert,NL-HaNA_1.04.02_6847_0028.txt,PERSON,"kin
niets uytgesondert mits en o"
600,verstaande nogthans,NL-HaNA_1.04.02_6847_0028.txt,PERSON,"nder dien verstaande nogthans dat de
la"
601,wesen,NL-HaNA_1.04.02_6847_0022.txt,PERSON,lijden in wesen zillen zi
603,actien crediten,NL-HaNA_1.04.02_6847_0022.txt,PERSON," goederen actien crediten
middelen "
604,gesondert,NL-HaNA_1.04.02_6847_0022.txt,PERSON," metsuit„
gesondert t zij waa"
605,wesen omme,NL-HaNA_1.04.02_6847_0022.txt,PERSON,den mogen wesen omme alle dese
607,mitsgs,NL-HaNA_1.04.02_6847_0022.txt,PERSON,n beseten mitsgs:s daar me
608,Edelens,NL-HaNA_1.04.02_6847_0022.txt,PERSON,lt na huw Edelens welgevall
614,heere w,NL-HaNA_1.04.02_6847_0022.txt,PERSON, E: agtb: heere w: Theodoms
615,Theodoms van Revershorst,NL-HaNA_1.04.02_6847_0022.txt,PERSON," heere w: Theodoms van Revershorst
en Iacob "
616,Iacob Pompe van Weerdervoort,NL-HaNA_1.04.02_6847_0022.txt,PERSON,"shorst
en Iacob Pompe van Weerdervoort leden in "
617,Duikhe deses,NL-HaNA_1.04.02_6847_0022.txt,PERSON,"
raad van Duikhe deses Casteels "
618,Casteels navens,NL-HaNA_1.04.02_6847_0022.txt,PERSON,khe deses Casteels navens De Heeren
619,De Heeren,NL-HaNA_1.04.02_6847_0022.txt,PERSON,"ls navens De Heeren tienduk
o"
620,Commandeur Equipagie,NL-HaNA_1.04.02_6847_0022.txt,PERSON,"k
oprneer Commandeur Equipagie meester a"
621,"Ian
van dordt",NL-HaNA_1.04.02_6847_0022.txt,PERSON,"alhier en Ian
van dordt lid in 't"
622,Jun Ed,NL-HaNA_1.04.02_6847_0022.txt,PERSON, Cane aan Jun Ed: daar omt
624,insonderheyd heeren,NL-HaNA_1.04.02_6847_0022.txt,PERSON,"e
anderen insonderheyd heeren weesm: de"
628,vlijk moeyte,NL-HaNA_1.04.02_6847_0022.txt,PERSON,e wendene vlijk moeyte en Looge„
632,heeren bewindhebberen der groc,NL-HaNA_1.04.02_6847_0022.txt,PERSON,"oot agtb: heeren bewindhebberen der groc„
trooij e"
633,oostindesch Comp,NL-HaNA_1.04.02_6847_0022.txt,PERSON,oij eerde oostindesch Comp: ter kame
634,isuytgahaard omme,NL-HaNA_1.04.02_6847_0022.txt,PERSON,"emeren
G: isuytgahaard omme deselve t"
635,geene dienijtkrogte,NL-HaNA_1.04.02_6847_0022.txt,PERSON,"den
aande geene dienijtkrogte deses daa"
636,geregtig wesen,NL-HaNA_1.04.02_6847_0022.txt,PERSON," daar toe geregtig wesen zal
Eijnd"
637,alhier,NL-HaNA_1.04.02_6847_0022.txt,PERSON,testateur alhier te insere
642,Testamentaire,NL-HaNA_1.04.02_6847_0022.txt,PERSON,omme alse Testamentaire dispositi
645,Jan phreu,NL-HaNA_1.04.02_6847_0034.txt,PERSON,"testateur Jan phreu„
der Ool "
648,onse Jongste dogter,NL-HaNA_1.04.02_6847_0034.txt,PERSON,d rd: aan onse Jongste dogter Christina
649,"Christina
Bastiana",NL-HaNA_1.04.02_6847_0034.txt,PERSON,"te dogter Christina
Bastiana Zo mede D"
650,Cornelis valentijn,NL-HaNA_1.04.02_6847_0034.txt,PERSON,"sten zoon
Cornelis valentijn en nog dr"
652,Ioan willem,NL-HaNA_1.04.02_6847_0034.txt,PERSON,"ten,
Zoon Ioan willem tot Een r"
653,Catharina,NL-HaNA_1.04.02_6847_0034.txt,PERSON,eertruyda Catharina en Wilhel
654,"Wilhelmina
",NL-HaNA_1.04.02_6847_0034.txt,PERSON,"harina en Wilhelmina
Elisabeth "
655,Elisabeth reets,NL-HaNA_1.04.02_6847_0034.txt,PERSON,"ilhelmina
Elisabeth reets uit onsen"
656,Cas,NL-HaNA_1.04.02_6847_0034.txt,PERSON,"te
dat in Cas een of me"
657,approbeerde,NL-HaNA_1.04.02_6847_0034.txt,PERSON,van een g’approbeerde staat kwa
661,Joan willem,NL-HaNA_1.04.02_6847_0034.txt,PERSON,"sten zoon Joan willem dog
in Ca"
662,Cas deselve,NL-HaNA_1.04.02_6847_0034.txt,PERSON,"em dog
in Cas deselve onmondig "
663,approbeerden Baot,NL-HaNA_1.04.02_6847_0034.txt,PERSON,"n een ge„
approbeerden Baot kwame bes"
667,wys geduuren,NL-HaNA_1.04.02_6847_0034.txt,PERSON,"gen onder wys geduuren
de hunne "
668,Erfportien kan Fourneeren,NL-HaNA_1.04.02_6847_0034.txt,PERSON,temeldene Erfportien kan Fourneeren; zal mijn
669,mijne huijs,NL-HaNA_1.04.02_6847_0034.txt,PERSON,"eren; zal mijne huijs„
vrouw Si"
671,afsrek van voorm,NL-HaNA_1.04.02_6847_0034.txt,PERSON,t geen na afsrek van voorm: makingen
672,mijne nala,NL-HaNA_1.04.02_6847_0034.txt,PERSON," makingen mijne nala„
tenschap"
673,Clara geertruijdo,NL-HaNA_1.04.02_6847_0034.txt,PERSON," in
desen Clara geertruijdo de Lahaij"
674,onse vijff,NL-HaNA_1.04.02_6847_0034.txt,PERSON,"ahaije en onse vijff kin„
„der"
675,geertruijda Catharina,NL-HaNA_1.04.02_6847_0034.txt,PERSON,"n„
„deren geertruijda Catharina, wilhelmi"
676,wilhelmina Elisabeth,NL-HaNA_1.04.02_6847_0034.txt,PERSON,"atharina, wilhelmina Elisabeth,
gesta na"
677,tenwe,NL-HaNA_1.04.02_6847_0034.txt,PERSON,"
gesta na tenwe enmor
moo"
679,Benjamin Heynen,NL-HaNA_1.04.02_6847_0011.txt,PERSON,"jn nots:

Benjamin Heynen
N„o 1.
Op"
681,den Eaelen,NL-HaNA_1.04.02_6847_0011.txt,PERSON,publ: bij den Eaelen hove van 
682,hove van holland,NL-HaNA_1.04.02_6847_0011.txt,PERSON,"en Eaelen hove van holland, ende Ede"
683,destad,NL-HaNA_1.04.02_6847_0011.txt,PERSON,"rd binnen destad batnera
r"
684,den Eerw,NL-HaNA_1.04.02_6847_0011.txt,PERSON,Getuijgen den Eerw: heer ben
685,heer bensamin,NL-HaNA_1.04.02_6847_0011.txt,PERSON,"den Eerw: heer bensamin
Weynen be"
687,hebbende Egter,NL-HaNA_1.04.02_6847_0011.txt,PERSON, Lighaame hebbende Egter zijn Ed: 
692,Ian Hendrik,NL-HaNA_1.04.02_6847_0011.txt,PERSON, Arnolans Ian Hendrik en Anna m
693,Anna magteld,NL-HaNA_1.04.02_6847_0011.txt,PERSON,"endrik en Anna magteld Heijnen
a"
694,zijne natelatene,NL-HaNA_1.04.02_6847_0011.txt,PERSON,t in alle zijne natelatene goederen 
697,zijner Testateur,NL-HaNA_1.04.02_6847_0011.txt,PERSON,„digheijd zijner Testateur Erffgenam
700,zijne boede,NL-HaNA_1.04.02_6847_0011.txt,PERSON,"esse over zijne boede
en onmond"
701,Erfgenamen,NL-HaNA_1.04.02_6847_0011.txt,PERSON,onmondige Erfgenamen dE: Leend
702,Leendert goossen,NL-HaNA_1.04.02_6847_0011.txt,PERSON,"namen dE: Leendert goossen Coopman
e"
703,"Coopman
en Translateur m",NL-HaNA_1.04.02_6847_0011.txt,PERSON,"t goossen Coopman
en Translateur m de maleyd"
705,mitsg,NL-HaNA_1.04.02_6847_0011.txt,PERSON,p: dienst mitsg:s zyn Ed:
707,het Eerw,NL-HaNA_1.04.02_6847_0011.txt,PERSON,udeerende het Eerw: Collegie
709,Ed.s,NL-HaNA_1.04.02_6847_0011.txt,PERSON,ites haar Ed.s beaankent
710,beaankente voor d,NL-HaNA_1.04.02_6847_0011.txt,PERSON,haar Ed.s beaankente voor d’andersint
713,des Eerw,NL-HaNA_1.04.02_6847_0011.txt,PERSON,eurs over des Eerw: heer tes
714,Ed agtb,NL-HaNA_1.04.02_6847_0011.txt,PERSON,"an de wel Ed agtb:
heeren b"
716,zyn Ea,NL-HaNA_1.04.02_6847_0011.txt,PERSON,erklaarde zyn Ea het zelfa
717,Codicd,NL-HaNA_1.04.02_6847_0011.txt,PERSON,tament of Codicd zoo als b
718,hendrik Johan Madelanst,NL-HaNA_1.04.02_6847_0011.txt,PERSON,"irurg.
en hendrik Johan Madelanst Secret:s "
719,der rethouwloot,NL-HaNA_1.04.02_6847_0011.txt,PERSON," Secret:s der rethouwloot beijde
in"
721,quod attestor,NL-HaNA_1.04.02_6847_0011.txt,PERSON,derstond/ quod attestor /getekend
722,lijde van myne overbijden,NL-HaNA_1.04.02_6847_0037.txt,PERSON,r van ten lijde van myne overbijden in weden 
724,legitime Competeerd,NL-HaNA_1.04.02_6847_0037.txt,PERSON,n voor de legitime Competeerd en gelijk
725,nitsg,NL-HaNA_1.04.02_6847_0037.txt,PERSON,"e portien nitsg mynen
man"
726,Crediten Erffenissen,NL-HaNA_1.04.02_6847_0037.txt,PERSON,"actien
en Crediten Erffenissen en bester"
729,pemoeijenisse,NL-HaNA_1.04.02_6847_0037.txt,PERSON,en zonder pemoeijenisse aan ieman
730,legitime van onse,NL-HaNA_1.04.02_6847_0037.txt,PERSON,wting der legitime van onse kinderen 
731,rteekend monsen,NL-HaNA_1.04.02_6847_0037.txt,PERSON,n man ond„rteekend monsen boedel za
734,besluijt van den,NL-HaNA_1.04.02_6847_0037.txt,PERSON,india bij besluijt van den 20: aug:s
735,"nodeloot
",NL-HaNA_1.04.02_6847_0037.txt,PERSON,"en die nu nodeloot
zonden wer"
736,Gedaan alsoo,NL-HaNA_1.04.02_6847_0037.txt,PERSON,en werden Gedaan alsoo ik Even a
738,opregtelik,NL-HaNA_1.04.02_6847_0037.txt,PERSON,wkennigen opregtelik na haaren
741,myne nateli,NL-HaNA_1.04.02_6847_0037.txt,PERSON,"oogd over myne nateli:
onmondig"
742,desen,NL-HaNA_1.04.02_6847_0037.txt,PERSON,oofde van desen zal toeva
745,Expes,NL-HaNA_1.04.02_6847_0037.txt,PERSON,"ie en met Expes„
fe Pecla"
748,gistraafs,NL-HaNA_1.04.02_6847_0037.txt,PERSON,"erie ma„
„gistraafs persoonen"
750,Ed des,NL-HaNA_1.04.02_6847_0037.txt,PERSON,"beert
hun Ed des niet te m"
751,beleefdelik aankzeggende voor de,NL-HaNA_1.04.02_6847_0037.txt,PERSON,"et te min beleefdelik aankzeggende voor de te
nemene"
753,testatrice ge,NL-HaNA_1.04.02_6847_0037.txt,PERSON,"tateur en testatrice ge„
resumeer"
754,uijtdrukt,NL-HaNA_1.04.02_6847_0037.txt,PERSON, genoegen uijtdrukt onsen laa
755,solem,NL-HaNA_1.04.02_6847_0037.txt,PERSON,"in eenige solem„
nitgten
"
756,daerop vost,NL-HaNA_1.04.02_6847_0013.txt,PERSON,"daerop vost gesteld
E"
758,Benjamin Heynen,NL-HaNA_1.04.02_6847_0013.txt,PERSON,"
2
N„o 1.
Benjamin Heynen
Op Heeden"
760,"derdele
",NL-HaNA_1.04.02_6847_0013.txt,PERSON,"lland, en derdele
hooge eege"
761,"batmera
",NL-HaNA_1.04.02_6847_0013.txt,PERSON,"en destad batmera
resideeren"
762,den Eerw,NL-HaNA_1.04.02_6847_0013.txt,PERSON,Getuijgen den Eerw: heer ben
763,heer bentamin,NL-HaNA_1.04.02_6847_0013.txt,PERSON,"den Eerw: heer bentamin
Weijnen b"
766,hebbende Egter,NL-HaNA_1.04.02_6847_0013.txt,PERSON, Lighaame hebbende Egter zijn Ed: 
768,Testateur,NL-HaNA_1.04.02_6847_0013.txt,PERSON," aen heer Testateur
tot zijn "
770,Ian Hendrik,NL-HaNA_1.04.02_6847_0013.txt,PERSON,Aornolans Ian Hendrik en Anna m
771,Anna magteld,NL-HaNA_1.04.02_6847_0013.txt,PERSON,"endrik en Anna magteld Heijnen
a"
772,zijne natelatene,NL-HaNA_1.04.02_6847_0013.txt,PERSON,t in alle zijne natelatene goederen 
773,Crediten niits uijtgesondert,NL-HaNA_1.04.02_6847_0013.txt,PERSON,"actien en Crediten niits uijtgesondert,
welk gee"
775,zijner Testateur,NL-HaNA_1.04.02_6847_0013.txt,PERSON,„digheijd zijner Testateur Erffgenam
778,zijne boede,NL-HaNA_1.04.02_6847_0013.txt,PERSON,"esse over zijne boede
en onmond"
779,Erfgenamen,NL-HaNA_1.04.02_6847_0013.txt,PERSON,onmondige Erfgenamen dE: Leend
780,Leendert goossen,NL-HaNA_1.04.02_6847_0013.txt,PERSON,"namen dE: Leendert goossen Coopman
e"
781,"Coopman
en Translateur m",NL-HaNA_1.04.02_6847_0013.txt,PERSON,"t goossen Coopman
en Translateur m de maleyd"
783,mitsg,NL-HaNA_1.04.02_6847_0013.txt,PERSON,:s dienst mitsg:s zyn Ed:
787,adlites,NL-HaNA_1.04.02_6847_0013.txt,PERSON,"rr„
rator adlites haar Ed.s"
788,Ed.s,NL-HaNA_1.04.02_6847_0013.txt,PERSON,ites haar Ed.s beaankend
789,beaankende voor d,NL-HaNA_1.04.02_6847_0013.txt,PERSON,haar Ed.s beaankende voor d’andersint
791,Execeileurd,NL-HaNA_1.04.02_6847_0013.txt,PERSON,"
maar tot Execeileurd over de E"
792,Ea agtb,NL-HaNA_1.04.02_6847_0013.txt,PERSON,"an de wel Ea agtb:
heeren b"
793,Baak,NL-HaNA_1.04.02_6847_0013.txt,PERSON,k voorsz: Baak zijn Eer:
794,begaerende,NL-HaNA_1.04.02_6847_0013.txt,PERSON,te hebben begaerende dat het z
795,hendrik Johan Madelanst,NL-HaNA_1.04.02_6847_0013.txt,PERSON,"inurg.
en hendrik Johan Madelanst Secret:s "
796,den rethouloot,NL-HaNA_1.04.02_6847_0013.txt,PERSON," Secret:s den rethouloot beijde
in"
798,deses,NL-HaNA_1.04.02_6847_0013.txt,PERSON,De munute deses is behoor
801,Concerneert,NL-HaNA_1.04.02_6847_0036.txt,PERSON,"nd gelden Concerneert de wel
Ed"
802,der generaale,NL-HaNA_1.04.02_6847_0036.txt,PERSON,dhebberen der generaale nederland
804,testatrice Clara geertinyda,NL-HaNA_1.04.02_6847_0036.txt,PERSON,egeere ik testatrice Clara geertinyda De Sahaye
805,De Sahaye,NL-HaNA_1.04.02_6847_0036.txt,PERSON,"eertinyda De Sahaye
dat ingev"
806,uyt myne,NL-HaNA_1.04.02_6847_0036.txt,PERSON,dert Rd:s uyt myne nalatensc
807,myn sterfhuijs,NL-HaNA_1.04.02_6847_0036.txt,PERSON,ar anders myn sterfhuijs zal komen
808,Insgelyks preelegoteere ik,NL-HaNA_1.04.02_6847_0036.txt,PERSON,"voldaen
2 Insgelyks preelegoteere ik aan onse "
809,Jongste dogter,NL-HaNA_1.04.02_6847_0036.txt,PERSON, aan onse Jongste dogter christina
810,christina Bas,NL-HaNA_1.04.02_6847_0036.txt,PERSON,"te dogter christina Bas„
tinna ar"
811,Cornelis valentyn,NL-HaNA_1.04.02_6847_0036.txt,PERSON,"dete zoon Cornelis valentyn drie
dwij"
812,Ioan willem,NL-HaNA_1.04.02_6847_0036.txt,PERSON,gste soon Ioan willem drie dugs
815,geertnyda,NL-HaNA_1.04.02_6847_0036.txt,PERSON,e dogters geertnyda catharina
816,Elisabeth reets,NL-HaNA_1.04.02_6847_0036.txt,PERSON,ilhelmina Elisabeth reets hebben ge
819,Ioan willem,NL-HaNA_1.04.02_6847_0036.txt,PERSON,"gste soon
Ioan willem nog twee "
820,Cas,NL-HaNA_1.04.02_6847_0036.txt,PERSON,:s dog in Cas deselve o
821,Baak,NL-HaNA_1.04.02_6847_0036.txt,PERSON,orobeerde Baak beryktsk 
822,beryktsk,NL-HaNA_1.04.02_6847_0036.txt,PERSON,erde Baak beryktsk naame te 
823,myne ondste,NL-HaNA_1.04.02_6847_0036.txt,PERSON,"veeren op myne ondste zoon
Corn"
824,Cornelis Valenzin,NL-HaNA_1.04.02_6847_0036.txt,PERSON,"dste zoon
Cornelis Valenzin,
4: het g"
825,gelegentheijd,NL-HaNA_1.04.02_6847_0036.txt,PERSON,"n
bekwame gelegentheijd na nederl"
827,natemeldene legitime,NL-HaNA_1.04.02_6847_0036.txt,PERSON,"egaten en natemeldene legitime, mogten o"
828,"myn
man den",NL-HaNA_1.04.02_6847_0036.txt,PERSON,"engen zal myn
man den testateur"
829,sulks Formneeren,NL-HaNA_1.04.02_6847_0036.txt,PERSON,"testateur sulks Formneeren,
5. al he"
830,afzrek,NL-HaNA_1.04.02_6847_0036.txt,PERSON,t geen na afzrek van de vo
831,myn man den Testateur,NL-HaNA_1.04.02_6847_0036.txt,PERSON,rden door myn man den Testateur in deesen
832,Ian Scrender,NL-HaNA_1.04.02_6847_0036.txt,PERSON,"in deesen Ian Scrender
en onse v"
835,Christina Bastiana,NL-HaNA_1.04.02_6847_0036.txt,PERSON,valen tyn Christina Bastiana en Johan 
836,Johan Willem schrender,NL-HaNA_1.04.02_6847_0036.txt,PERSON,"stiana en Johan Willem schrender
N8
—

„
"
838,syn,NL-HaNA_1.04.02_6847_0024.txt,PERSON,den steld syn wel Ed: H
839,Heer Abraham,NL-HaNA_1.04.02_6847_0024.txt,PERSON,"n wel Ed: Heer Abraham Abeleven
"
840,Ternaten,NL-HaNA_1.04.02_6847_0024.txt,PERSON,rneur van Ternaten ende heer
841,Ian,NL-HaNA_1.04.02_6847_0024.txt,PERSON,ende heer Ian arend Mei
842,deser Stede,NL-HaNA_1.04.02_6847_0024.txt,PERSON,"en weesm:
deser Stede en dat me"
843,Joh,NL-HaNA_1.04.02_6847_0024.txt,PERSON,den not:s Joh:s van vis
844,De Eerw,NL-HaNA_1.04.02_6847_0024.txt,PERSON, als mede De Eerw: hieren w
845,hieren weesm,NL-HaNA_1.04.02_6847_0024.txt,PERSON, De Eerw: hieren weesm: en d’ he
846,Curator adlites,NL-HaNA_1.04.02_6847_0024.txt,PERSON,"n d’ heer
Curator adlites alhier te"
847,heer Comp,NL-HaNA_1.04.02_6847_0024.txt,PERSON,"n wel Ed: heer Comp:
te wesen"
848,Codicil,NL-HaNA_1.04.02_6847_0024.txt,PERSON, desselvs Codicil laatste e
849,thuijn van den,NL-HaNA_1.04.02_6847_0024.txt,PERSON,"erd in de thuijn van den wel Ed
St"
850,"Ed
Staande op Iaccatra buijten dese",NL-HaNA_1.04.02_6847_0024.txt,PERSON,"n den wel Ed
Staande op Iaccatra buijten dese stad pres"
851,Johan,NL-HaNA_1.04.02_6847_0024.txt,PERSON,"d present Johan„
nes Ezec"
853,Ezechiel Felixen Panlus,NL-HaNA_1.04.02_6847_0024.txt,PERSON,"ohan„
nes Ezechiel Felixen Panlus Nicolaas "
854,Nicolaas cleng,NL-HaNA_1.04.02_6847_0024.txt,PERSON,"en Panlus Nicolaas cleng
als getui"
855,attestor /was,NL-HaNA_1.04.02_6847_0024.txt,PERSON,"ond/ qnod attestor /was
Getekend/"
857,"Codicile
",NL-HaNA_1.04.02_6847_0024.txt,PERSON,"stond dit Codicile
is alhier "
862,Peterm van der Werth,NL-HaNA_1.04.02_6847_0024.txt,PERSON," secret:s
Peterm van der Werth
Hermanu
o"
863,Pieter Willem Lammens,NL-HaNA_1.04.02_6847_0024.txt,PERSON,r mij M:r Pieter Willem Lammens nots Jubl
867,den Eerw,NL-HaNA_1.04.02_6847_0024.txt,PERSON,"etuijgen, den Eerw:
haer Her"
868,Hermanus petrus van der werth,NL-HaNA_1.04.02_6847_0024.txt,PERSON,"erw:
haer Hermanus petrus van der werth bedienaar"
870,juw,NL-HaNA_1.04.02_6847_0024.txt,PERSON,"te, en me juw=m Anna Ca"
871,Anna Calharina,NL-HaNA_1.04.02_6847_0024.txt,PERSON," me juw=m Anna Calharina
Kraght Eg"
872,Egtelieden,NL-HaNA_1.04.02_6847_0024.txt,PERSON,"na
Kraght Egtelieden woonende "
874,hincie tydelijke,NL-HaNA_1.04.02_6847_0024.txt,PERSON,n om over hincie tydelijke goederen 
877,daerop vost,NL-HaNA_1.04.02_6847_0015.txt,PERSON,"daerop vost gesteld
N"
878,Ne1oden,NL-HaNA_1.04.02_6847_0015.txt,PERSON,"t gesteld
Ne1oden de testat"
879,legitime,NL-HaNA_1.04.02_6847_0015.txt,PERSON,oldoen al legitime portie de
880,zijne overleedene,NL-HaNA_1.04.02_6847_0015.txt,PERSON,tatie van zijne overleedene onders ui
881,nala,NL-HaNA_1.04.02_6847_0015.txt,PERSON," hesbteni nala„
benschap"
883,mesust,NL-HaNA_1.04.02_6847_0015.txt,PERSON,ar moeder mesust=r Hester 
884,IacobaLe,NL-HaNA_1.04.02_6847_0015.txt,PERSON,"=r Hester IacobaLe
grand wed"
885,grand wed,NL-HaNA_1.04.02_6847_0015.txt,PERSON," IacobaLe
grand wed:e wijlen "
886,Guillianr,NL-HaNA_1.04.02_6847_0015.txt,PERSON,ijlen dE: Guillianr Gerard Fr
887,Gerard Franchimont,NL-HaNA_1.04.02_6847_0015.txt,PERSON,Guillianr Gerard Franchimont pn l/ not
890,legitime,NL-HaNA_1.04.02_6847_0015.txt,PERSON,keeren de legitime portie al
892,de restpsenren,NL-HaNA_1.04.02_6847_0015.txt,PERSON,lneerende de restpsenren in zodani
894,desen,NL-HaNA_1.04.02_6847_0015.txt,PERSON,"ename bij desen en dat
me"
895,titul van institutie,NL-HaNA_1.04.02_6847_0015.txt,PERSON,"e regt en titul van institutie,
Stellend"
898,zijner off haarer boedel,NL-HaNA_1.04.02_6847_0015.txt,PERSON,eraarster zijner off haarer boedel en nalate
899,"besor
",NL-HaNA_1.04.02_6847_0015.txt,PERSON,"atenschap besor
ger o beso"
901,"natelatene
",NL-HaNA_1.04.02_6847_0015.txt,PERSON,"ver hunne natelatene
kend gf ki"
902,gf kinderen,NL-HaNA_1.04.02_6847_0015.txt,PERSON,"tene
kend gf kinderen en der se"
903,uyt krgte deses,NL-HaNA_1.04.02_6847_0015.txt,PERSON,er selver uyt krgte deses te bhamne
905,mitsaeen,NL-HaNA_1.04.02_6847_0015.txt,PERSON,udeerende mitsaeen met alle 
906,t Eerw,NL-HaNA_1.04.02_6847_0015.txt,PERSON,e Eerbied t Eerw: Collegie
908,adlites zoo,NL-HaNA_1.04.02_6847_0015.txt,PERSON,Curatoren adlites zoo te deser 
910,aer Testateuren,NL-HaNA_1.04.02_6847_0015.txt,PERSON,en alwaar aer Testateuren zergeval 
912,moelte,NL-HaNA_1.04.02_6847_0015.txt,PERSON,"e wendene moelte re„
veren"
916,hebberen der geoctroijeerde,NL-HaNA_1.04.02_6847_0015.txt,PERSON,"en
bewind hebberen der geoctroijeerde oost indi"
922,dot hunne gemeenen boedel,NL-HaNA_1.04.02_6847_0015.txt,PERSON,ein Zegal dot hunne gemeenen boedel geen twee
925,haer naem,NL-HaNA_1.04.02_6847_0015.txt,PERSON,"hoorl: op haer naem werden
op"
926,Cas,NL-HaNA_1.04.02_6847_0015.txt,PERSON,"delens in Cas subject,
"
927,dugdelijk voor ge,NL-HaNA_1.04.02_6847_0015.txt,PERSON,"stateuren dugdelijk voor ge„
houden e"
929,zynde zoo,NL-HaNA_1.04.02_6847_0015.txt,PERSON," verstaan zynde zoo begeerde
"
931,dee zingge,NL-HaNA_1.04.02_6847_0038.txt,PERSON,aagine op dee zingge ofte bij 
933,Emancipatien van lijf,NL-HaNA_1.04.02_6847_0038.txt,PERSON,"aelegaten Emancipatien van lijf
eijgenen "
939,Jan Schrender,NL-HaNA_1.04.02_6847_0038.txt,PERSON," getekend
Jan Schrender en Clara "
940,Clara Geertruijda,NL-HaNA_1.04.02_6847_0038.txt,PERSON,render en Clara Geertruijda schoender
942,Clara geertruijda,NL-HaNA_1.04.02_6847_0038.txt,PERSON,de vrouwe Clara geertruijda d’ Lasaij
943,Lasaije,NL-HaNA_1.04.02_6847_0038.txt,PERSON,"ruijda d’ Lasaije
hier van "
944,Jacob Pietersz,NL-HaNA_1.04.02_6847_0038.txt,PERSON,"gheid van Jacob Pietersz
en Fredri"
945,Constantin,NL-HaNA_1.04.02_6847_0038.txt,PERSON,Fredricus Constantin Berrits2 
946,getekend/ P:,NL-HaNA_1.04.02_6847_0038.txt,PERSON,"igen
/was getekend/ P: W: lammen"
947,lammens nots,NL-HaNA_1.04.02_6847_0038.txt,PERSON,nd/ P: W: lammens nots: ten zyde
948,Gerritsz gesw,NL-HaNA_1.04.02_6847_0038.txt,PERSON,"n F:s C:r Gerritsz gesw: Clercq
A"
949,Clara geertroyda,NL-HaNA_1.04.02_6847_0038.txt,PERSON," mevrouwe
Clara geertroyda De Lahaij"
953,Johannes Hollebeek,NL-HaNA_1.04.02_6847_0038.txt,PERSON,"s
notaris
Johannes Hollebeek
N„o 11
He"
955,Egbert Blomheaf,NL-HaNA_1.04.02_6847_0038.txt,PERSON,r mij m:r Egbert Blomheaf not: pabl
956,not,NL-HaNA_1.04.02_6847_0038.txt,PERSON, Blomheaf not: pabl: bi
959,destod batavia,NL-HaNA_1.04.02_6847_0038.txt,PERSON,"rd binnen destod batavia
resideere"
961,ond koopm,NL-HaNA_1.04.02_6847_0038.txt,PERSON,"le,
heeft ond koopm: ten dren"
965,Cornelis valentyn Christina Bastiana,NL-HaNA_1.04.02_6847_0035.txt,PERSON,"
„
„
„
„„
Cornelis valentyn Christina Bastiana en Ioan W"
966,Ioan Willem schrender,NL-HaNA_1.04.02_6847_0035.txt,PERSON,"stiana en Ioan Willem schrender
of zoo ve"
967,myn oplijden,NL-HaNA_1.04.02_6847_0035.txt,PERSON,"r van bij myn oplijden, in wesen"
968,myne Erfgenamen,NL-HaNA_1.04.02_6847_0035.txt,PERSON,elven tot myne Erfgenamen by deesen
970,legitime,NL-HaNA_1.04.02_6847_0035.txt,PERSON,oor hunne legitime toekomt t
971,lijke portien,NL-HaNA_1.04.02_6847_0035.txt,PERSON,"hen inge„
lijke portien door myne"
972,myne puysvrouw,NL-HaNA_1.04.02_6847_0035.txt,PERSON,tien door myne puysvrouw voornoemd
973,crediten Erffenissen,NL-HaNA_1.04.02_6847_0035.txt,PERSON,actien en crediten Erffenissen en bester
976,legitime voor onse,NL-HaNA_1.04.02_6847_0035.txt,PERSON," Evengem: legitime voor onse kinde„
ze"
977,myne hijsvrouw,NL-HaNA_1.04.02_6847_0035.txt,PERSON,"or
mij en myne hijsvrouw onderteek"
979,besluijt van den,NL-HaNA_1.04.02_6847_0035.txt,PERSON,india bij besluijt van den 20: augus
980,leende vrijheyd,NL-HaNA_1.04.02_6847_0035.txt,PERSON,"1762 ver„
leende vrijheyd maar ook "
983,zuiver nauwzeurig,NL-HaNA_1.04.02_6847_0035.txt,PERSON,"n begroot zuiver nauwzeurig en op„
re"
984,mitsg,NL-HaNA_1.04.02_6847_0035.txt,PERSON,en waarde mitsg:s zulks i
985,legitime portien,NL-HaNA_1.04.02_6847_0035.txt,PERSON,"aten ende legitime portien onzer
onm"
986,den tyt,NL-HaNA_1.04.02_6847_0035.txt,PERSON,en binnen den tyt van drie 
987,"myn
",NL-HaNA_1.04.02_6847_0035.txt,PERSON,"aanden na myn
overlijden"
989,alhier besorgt,NL-HaNA_1.04.02_6847_0035.txt,PERSON,en weesk: alhier besorgt werden te
990,versoeke,NL-HaNA_1.04.02_6847_0035.txt,PERSON,"en
voorts versoeke en stelle"
992,myne begraffe,NL-HaNA_1.04.02_6847_0035.txt,PERSON,"gster van myne begraffe„
nisse me"
995,regeerende voogdesse,NL-HaNA_1.04.02_6847_0035.txt,PERSON,"lhier
tot regeerende voogdesse en voogde"
996,mijne natelatene,NL-HaNA_1.04.02_6847_0035.txt,PERSON,"gden over mijne natelatene onmondi„
"
997,nemene moeijte,NL-HaNA_1.04.02_6847_0035.txt,PERSON,voorde te nemene moeijte alle ande
1003,Jan Henderik van der Laan,NL-HaNA_1.04.02_6847_0014.txt,PERSON,"ecretaris
Jan Henderik van der Laan
N„o 2
op "
1004,Egbert Blomhert,NL-HaNA_1.04.02_6847_0014.txt,PERSON,r mij m:r Egbert Blomhert nots publ
1008,"Jan
Hendrik van der laan",NL-HaNA_1.04.02_6847_0014.txt,PERSON,"uijgen dE Jan
Hendrik van der laan Koopman U"
1009,Johanna Albertina Franchimont Egtelieden,NL-HaNA_1.04.02_6847_0014.txt,PERSON," mejnst=m Johanna Albertina Franchimont Egtelieden woonen„
d"
1010,volko,NL-HaNA_1.04.02_6847_0014.txt,PERSON,"nots: met volko„
men vers"
1011,uijtspraeke,NL-HaNA_1.04.02_6847_0014.txt,PERSON,duidelijk uijtspraeke te kennen
1013,"natelatene
Goederen",NL-HaNA_1.04.02_6847_0014.txt,PERSON,"fer hunne natelatene
Goederen testament"
1018,zyne ofte haare,NL-HaNA_1.04.02_6847_0014.txt,PERSON,eeren tot zyne ofte haare Eenige al
1020,Crediten,NL-HaNA_1.04.02_6847_0014.txt,PERSON,actien en Crediten niets uij
1021,de Legibime,NL-HaNA_1.04.02_6847_0014.txt,PERSON, tekeeren de Legibime portie de
1022,deselven voor zoo verre,NL-HaNA_1.04.02_6847_0014.txt,PERSON, zelve of deselven voor zoo verre tot zin o
1023,Erfgenaam oft Erfgenamen bij desen,NL-HaNA_1.04.02_6847_0014.txt,PERSON,"haar mede
Erfgenaam oft Erfgenamen bij desen en dat me"
1024,schul van institantie,NL-HaNA_1.04.02_6847_0014.txt,PERSON,"e regt
en schul van institantie
Edog indi"
1026,Elisabeth Blencke wed,NL-HaNA_1.04.02_6847_0014.txt,PERSON, mesust=m Elisabeth Blencke wed=e wijlen 
1027,"Jan
Hendrik van der laen",NL-HaNA_1.04.02_6847_0014.txt,PERSON,"n de heer Jan
Hendrik van der laen /in E„ Ri"
1028,„ Rigter,NL-HaNA_1.04.02_6847_0014.txt,PERSON,laen /in E„ Rigter tot belli
